file_name,column_name,data_type,description,example_value,data_origin,privacy_notes
Anonymized_Restaurant_Sales_Data.csv,OrderID,object,An anonymised order identifier used to group multiple line items belonging to the same customer order. No original system identifiers are retained.,RES_ORD_931.0,Observed,Randomised identifier; cannot be traced back to original system
Anonymized_Restaurant_Sales_Data.csv,Date,object,Calendar date on which the order was placed.,03/01/2023,Observed,No customer-identifying information
Anonymized_Restaurant_Sales_Data.csv,DayOfWeek,object,Day of the week derived from the order date.,Tuesday,Derived,Derived from date only
Anonymized_Restaurant_Sales_Data.csv,Time,object,Time of day at which the order was placed (24-hour format).,18:50,Observed,Time only; no location or personal identifiers
Anonymized_Restaurant_Sales_Data.csv,Category,object,"Generalised menu category to which the ordered item belongs (e.g., MAIN COURSES, EXTRAS).",APETISERS,Observed,High-level classification only
Anonymized_Restaurant_Sales_Data.csv,Line item name,object,Anonymised or generalised menu item name. Specific branding and proprietary names have been removed.,Chicken Suya,Observed,Menu items generalised; no brand disclosure
Anonymized_Restaurant_Sales_Data.csv,Quantity,int64,Number of units of the menu item ordered within the order.,2,Observed,Non-identifying numeric value
Anonymized_Restaurant_Sales_Data.csv,Price Per Item,float64,Unit price charged for a single item at the time of order.,3.5,Observed,No customer or payment identifiers
Anonymized_Restaurant_Sales_Data.csv,Gross Sales,float64,"Total revenue generated by the line item before costs, calculated as quantity multiplied by unit price.",7,Observed,Revenue only; no customer details
Anonymized_Restaurant_Sales_Data.csv,Est. Cost,float64,"Estimated cost of goods sold for the line item, calculated using a standard cost ratio for research purposes.",2.45,Derived,Cost is estimated; no supplier or invoice data
Anonymized_Restaurant_Sales_Data.csv,Est. Profit,float64,"Estimated gross profit for the line item, calculated as gross sales minus estimated cost.",4.55,Derived,Derived metric; no financial account references
Anonymized_Restaurant_Sales_Data.csv,OrderType,object,"Generalised fulfilment method for the order (e.g., Delivery, Collection).",Delivery,Observed,High-level operational label only
Anonymized_Restaurant_Sales_Data.csv,Payment,object,"Generalised payment method used for the order (e.g., Card, Cash).",Card,Observed,Payment method only; no card or transaction details
Anonymized_Restaurant_Sales_Data.csv,Cancelled,object,Indicator showing whether the order was cancelled prior to fulfilment.,No,Observed,Binary operational flag only
Public_EPOS_Category_Summary_2023_2025.csv,Category,object,"High-level menu category representing groups of items sold via the EPOS system (e.g., APPETISERS, MAIN COURSES).",APPETISERS,Observed,Aggregated category label only
Public_EPOS_Category_Summary_2023_2025.csv,Quantity,int64,Total number of items sold within the category across the full reporting period.,920,Observed,Aggregated count; no transaction-level data
Public_EPOS_Category_Summary_2023_2025.csv,Gross_Sales,float64,"Total gross revenue generated by the category before discounts, taxes, or costs.",5611.27,Observed,Revenue aggregated across period
Public_EPOS_Category_Summary_2023_2025.csv,Net_Sales,float64,Net revenue for the category after discounts and applicable adjustments.,5543.49,Observed,No customer or payment identifiers
Public_EPOS_Category_Summary_2023_2025.csv,Discounts,float64,Total value of discounts applied to items within the category during the reporting period.,13.23,Observed,Monetary aggregate only
Public_EPOS_Category_Summary_2023_2025.csv,Tax_or_Fees,float64,"Total tax or fee amounts associated with category sales, where reported by the EPOS system.",67.78,Observed,Aggregated fiscal value
Public_EPOS_Category_Summary_2023_2025.csv,Cost_or_Other,float64,Cost-related or adjustment values reported at category level by the EPOS system (may include cost proxies or internal adjustments).,3804,Observed,Does not reference suppliers or invoices
Public_EPOS_Category_Summary_2023_2025.csv,Sales_Channel,object,Sales channel identifier indicating the origin of the data (EPOS).,EPOS,Derived,Channel label only
Public_EPOS_Category_Summary_2023_2025.csv,Data_Level,object,Indicates the level of aggregation applied to the dataset.,Period_Category_Summary,Derived,Metadata field
Public_EPOS_Category_Summary_2023_2025.csv,Data_Period,object,Descriptive label indicating the time coverage of the dataset.,EPOS item/category summary (Jan 2023 - Dec 2025),Derived,No explicit dates disclosed
Public_EPOS_Annual_Category_Mix_2023_2025.csv,Category,object,"High-level menu category used by the EPOS reporting system for grouping sales (e.g., APPETISERS, MAIN COURSES).",APPETISERS,Observed,"Category-level only; no item names, orders, or customers"
Public_EPOS_Annual_Category_Mix_2023_2025.csv,Annual_Sales,float64,Total annual sales revenue recorded by the EPOS system for the category in the specified year.,5105.5,Observed,Aggregated annual revenue; no transaction IDs
Public_EPOS_Annual_Category_Mix_2023_2025.csv,Category_Share,float64,Proportion of total EPOS annual sales represented by the category (Annual_Sales / Total_Annual_Sales). Values typically between 0 and 1.,0.085225,Derived,Derived ratio; reduces risk of business identification
Public_EPOS_Annual_Category_Mix_2023_2025.csv,Year,int64,Calendar year for which the EPOS category totals apply.,2023,Observed,Year-level time resolution only
Public_EPOS_Annual_Category_Mix_2023_2025.csv,Sales_Channel,object,Channel identifier for the dataset source (EPOS).,EPOS,Derived,Metadata only
Public_EPOS_Annual_Category_Mix_2023_2025.csv,Data_Level,object,Indicates the aggregation level used for disclosure control and analysis.,Annual_Category_Mix,Derived,Metadata only
Public_Aggregator_Monthly_Revenue_FinancialYear.csv,Financial_Year,object,"UK financial year label for the record (e.g., 2023-24). Derived from calendar year and month using UK FY boundaries (Apr–Mar).",2022-23,Derived,Aggregated time label only
Public_Aggregator_Monthly_Revenue_FinancialYear.csv,Month_Num,int64,Numeric month of the calendar year (1–12) used for ordering and time-series analysis.,1,Derived,No sensitive detail; month only
Public_Aggregator_Monthly_Revenue_FinancialYear.csv,Month,object,Month name corresponding to Month_Num.,January,Derived,No exact dates or timestamps
Public_Aggregator_Monthly_Revenue_FinancialYear.csv,Channel,object,"Aggregator platform name representing the revenue source (e.g., JustEat, Deliveroo).",JustEat,Observed,Platform-level only; no customers/orders
Public_Aggregator_Monthly_Revenue_FinancialYear.csv,Revenue,float64,Total revenue for the platform in the given month.,1827.5,Observed,Monthly aggregate; no transaction identifiers
Public_Aggregator_Monthly_Revenue_FinancialYear.csv,Revenue_Source,object,Indicates whether revenue was directly observed or derived/imputed. In this dataset it is typically “Observed”.,Observed,Derived,Metadata only
Public_DigitalChannels_Monthly_Revenue_FinancialYear.csv,Financial_Year,object,UK financial year label for the record (Apr–Mar).,2022-23,Derived,Aggregated time label only
Public_DigitalChannels_Monthly_Revenue_FinancialYear.csv,Month_Num,int64,Numeric month (1–12) for ordering and analysis.,1,Derived,Month-level time only
Public_DigitalChannels_Monthly_Revenue_FinancialYear.csv,Month,object,Month name corresponding to Month_Num.,January,Derived,No exact dates
Public_DigitalChannels_Monthly_Revenue_FinancialYear.csv,Channel,object,"Sales channel identifier (e.g., Website, JustEat, Deliveroo).",Deliveroo,Observed,Channel label only; no customer IDs
Public_DigitalChannels_Monthly_Revenue_FinancialYear.csv,Revenue,float64,Total revenue attributed to the channel for the given month.,324.36,Observed,Monthly aggregate; disclosure-safe
Public_DigitalChannels_Monthly_Revenue_FinancialYear.csv,Revenue_Source,object,Indicates whether the revenue figure is observed or derived.,Observed,Derived,Metadata only
Public_Derived_Consolidated_PnL_2023_2025.csv,Account Category,object,"High-level financial grouping for the line item within the consolidated Profit & Loss statement (e.g., Operating Revenue, Variable Costs, Operating Expenses, Administrative Expenses).",Operating Revenue,Derived (from aggregated financial records),Aggregated multi-year totals; no transaction-level banking data
Public_Derived_Consolidated_PnL_2023_2025.csv,Description,object,"Specific line-item label within the account category, representing revenue streams or cost groupings.",Direct Web Sales (Processor A),Derived (from aggregated financial records),"No supplier names, customer data, or bank references included"
Public_Derived_Consolidated_PnL_2023_2025.csv,Value (£),float64,Monetary value of the line item in GBP for the full consolidated period. Positive values represent revenue; negative values represent costs or expenses.,22878.25,Derived (from aggregated financial records),Derived from statutory accounts and bank aggregates; not transaction-level
Public_Derived_Consolidated_PnL_2023_2025.csv,Revenue %,object,"Percentage of total consolidated revenue represented by the line item, calculated as (abs(Value) / Total Revenue) × 100.",8.00%,Derived,Ratio only; disclosure-safe
Public_Deliveroo_Category_Summary_2023_2025.csv,Year,int64,"Calendar year of delivery, derived from the delivered date and aggregated to monthly totals.",2023,Derived,Aggregated time dimension only (no timestamps)
Public_Deliveroo_Category_Summary_2023_2025.csv,Month,object,"Month name of delivery, derived from the delivered date and used for monthly aggregation.",August,Derived,Aggregated to month level; no exact dates
Public_Deliveroo_Category_Summary_2023_2025.csv,Category,object,Generalised menu category for items sold via Deliveroo. Branding and “deal” labels have been scrubbed and normalised.,Appetisers,Derived,Category labels scrubbed to remove brand identifiers
Public_Deliveroo_Category_Summary_2023_2025.csv,Quantity,int64,Total number of items sold in the category for that month on Deliveroo.,26,Observed,Aggregated counts; no order IDs
Public_Deliveroo_Category_Summary_2023_2025.csv,Gross_Revenue,float64,Total gross revenue received for items in the category for that month on Deliveroo.,126.5,Observed,Aggregated revenue; no customer/payment identifiers
Public_Deliveroo_Category_Summary_2023_2025.csv,Sales_Channel,object,Sales channel label identifying the platform source of the data.,Deliveroo,Derived,Metadata only
Public_Deliveroo_Category_Summary_2023_2025.csv,Data_Level,object,Indicates the dataset granularity and aggregation level applied for anonymisation.,Monthly_Category_Aggregate,Derived,Metadata only
Public_Deliveroo_Category_Summary_2023_2025.csv,Data_Period,object,Descriptive label indicating the coverage period of the dataset.,Jan 2023 - Dec 2025,Derived,Period label only; no sensitive time detail
